,seq,spr
0,CTTTGGAAC,0.039
1,GGCCCCTCC,-0.065
2,CGGCCGCCC,-0.234
3,GAACAATGG,-0.302
4,GGATGGGGC,-0.365
5,GGATGACGC,-0.261
6,CAATGATGC,-0.196
7,GGTGGCCCA,-0.113
8,TGCCCGGTA,-0.023
9,CGCTGCTGG,-0.085
10,CAAAGAATG,-0.502
11,TTTTAAAAT,0.187
12,GGCCGCCCC,-0.223
13,GGCGGGCCC,-0.161
14,CGCCCCGGC,-0.302
15,GGCGCCCTC,-0.191
16,ATTTGAGCG,-0.085
17,CGCCCGGGC,-0.236
18,GTTGATCAT,0.17
19,CTGTGCTCT,-0.005
20,ACCCCCCCC,-0.231
21,CGGGATCCG,-0.097
22,GTTCCTTCC,0.142
23,GCCGCCCTG,-0.221
24,CATTTTGGT,0.157
25,GGCCTGAGA,-0.042
26,GTGGGGAGT,-0.112
27,CAGCAATGA,-0.395
28,GTCCGGCCG,-0.189
29,TGGCTCCTC,0.095
30,GGCAGGCCC,-0.174
31,CGGGCCCGC,-0.288
32,GGACACCCA,-0.055
33,GGCGCCCGC,-0.198
34,TTTTTGGAT,0.085
35,CCGGGGCGG,-0.403
36,ATTTGTAAA,0.194
37,GCCGTAGGC,-0.049
38,CAGTGTAGG,0.046
39,AACATGGGG,-0.183
40,CTTCATGTC,0.115
41,TTTTTTTGT,0.254
42,CCGCGGTGC,-0.334
43,GGCGGCCCG,-0.183
44,CCCCCCCCC,0.002
45,TTTTGAAAT,0.17
46,ATTGTTGAA,0.123
47,GGCCCTGGC,-0.258
48,CCAATATTG,-0.355
49,TTTTTTTAA,0.236
50,CCAGCGGCG,-0.435
51,GGATGACGG,-0.204
52,TCTGTTGCT,0.207
53,CTGCCTAAG,-0.048
54,CGTGGGGGG,-0.08
55,CTGTGACGC,0.039
56,CTTTGATGC,0.056
57,GGAGCAATG,-0.284
58,GTTCAGGGC,-0.007
59,CATTTAAAC,0.086
60,GTCCCCCTG,-0.035
61,GCCCCGTGG,-0.244
62,TGTCTCTTT,0.267
63,CATCAGGTC,0.006
64,AATGATGAC,-0.014
65,CCGCCCCCC,-0.105
66,AAATGACAA,-0.106
67,GGTAGCTAC,0.124
68,CCCGGCCGC,-0.473
69,CTCTGATGA,-0.257
70,CTTAAGGGG,-0.014
71,ATGTTGACG,-0.186
72,CTTTAAGCA,0.022
73,GCCGCCGCC,0.008
74,CGTAGTCGC,0.102
75,TCGGCCCGC,-0.185
76,GGCGCCCGC,-0.271
77,GAAAGATGG,-0.237
78,GCCCCGGGG,-0.506
79,CCCGGCGCG,-0.149
80,CCGGGGGGG,-0.367
81,TTACTGGGG,0.158
82,GGGGGGGGG,-0.213
83,CGGGGGCGC,-0.271
84,CGTATGATA,-0.074
85,CGCTCCCCC,-0.249
86,GCCACTGAG,-0.25
87,GCATGCCCC,-0.149
88,GCGGGGCGC,-0.393
89,GGTGGAGGA,-0.088
90,GGAAGATGG,-0.337
91,GCCGGGACC,0.037
92,GAGCTGGCG,-0.154
93,ACCCCCCCC,0.053
94,GGAGGGGGA,-0.108
95,GGTATGTGA,-0.109
96,CGGGGGGCT,-0.123
97,GTGGTGGGG,0.02
98,AGTTTTTGA,0.094
99,AGGTGGTGG,-0.083
100,ATTGTTTGT,0.2
101,CGCTGTGGG,0.177
102,GCGGGGGCC,-0.314
103,CGGCGGGGC,-0.233
104,CCGGCCCCC,-0.265
105,AGCGTTGAG,0.005
106,CCGGGATGG,-0.402
107,GCCCTGTGG,-0.21
108,CGCTAACGC,0.087
109,CGCCCTGGC,-0.262
110,CCAACGGGG,-0.172
111,CCGCCCCCC,-0.251
112,TGTCTCCGT,-0.008
113,CCCAGCCCC,0.028
114,AGGGGGGGC,-0.169
115,CAGCTAGCT,0.024
116,CCCGTGAGC,-0.061
117,GGCCGGCCC,-0.25
118,TCTTGAAAA,0.219
119,AACCTTTAA,0.143
120,CCCCTAAAA,0.133
121,GAGAGGGTT,-0.108
122,CTGAGCTGG,-0.28
123,GCCCATGTG,-0.176
124,GTCTGATAA,0.221
125,GAAAAAAGT,-0.124
126,GCCCCCGGG,-0.289
127,GTGAAGGAT,0.095
128,TTAAGAAGG,-0.072
129,TAATAATGA,-0.159
130,CGGCCTCTG,-0.041
131,CGTTATGAT,0.071
132,GGACTTCCA,0.038
133,CGCCCGGGC,-0.174
134,GAGTTTGAA,0.201
135,TGGCACGAT,0.087
136,GGCGCCCGC,-0.24
137,CTGCCGAGC,-0.055
138,TAAAACAAA,0.223
139,CCCTTGGGC,-0.061
140,GCCGCCGCC,-0.322
141,CCCTCTAGG,0.048
142,CACGCCGCG,-0.219
143,CTGTGCCTC,0.043
144,CCCCTGGCT,-0.095
145,ATATGCTCG,-0.106
146,GATTAAAAA,0.196
147,ATTTTCTGC,0.084
148,CCATGGCCC,-0.271
149,CAAATGGGG,-0.091
150,CCCTAGCAG,0.002
151,GGGCAGGGT,-0.167
152,GTTCTAAGG,-0.032
153,CCCGCCCGG,-0.352
154,GGGGCGGGC,-0.24
155,GGGCTCCAG,0.039
156,TTTAATAAA,0.137
157,GGCCCTGAG,-0.084
158,TGCTCGGCC,0.013
159,CGGCGGGGG,-0.232
160,GCCCCCCCG,-0.127
161,GCCCCCGGC,-0.166
162,AAATCGGGA,-0.136
163,CAATTCCCT,-0.078
164,CGTCCGCCC,-0.111
165,TTGTGACCC,0.014
166,CCGTAAGCG,0.017
167,GGGGAGGCG,-0.093
168,GCGTGGCAG,-0.158
169,CCTTTGCTC,0.151
170,CCGGGGCCC,-0.306
171,TGGGGGGGC,-0.037
172,CTCCGTAGA,0.049
173,CCGGCCGCC,-0.052
174,CGGCCTTGA,-0.125
175,GTTGCTGTG,-0.062
176,GCGGTGTAG,-0.067
177,ATTTGGGGG,-0.069
178,GGGATGGGG,-0.382
179,TTGTCCATG,-0.074
180,CTCTTACCC,0.263
181,TCTGCTCCC,0.127
182,TCTGTCCCA,0.126
183,AAAAATGAT,0.135
184,CCGACTCCA,0.049
185,CGGCCCGGC,-0.206
186,AAGTTTTTT,0.218
187,TGTTGAGCC,-0.013
188,CAGATGGGG,-0.119
189,ATGGGGGGG,-0.18
190,GTCGATGGG,-0.269
191,CTTCGCCAC,0.032
192,GCGGCGCCC,-0.107
193,GGCCCATGC,-0.261
194,CCGGGGGGC,-0.332
195,CCCGCTCAG,0.038
196,CCCGTGAGC,0.052
197,ATGGCCGCC,-0.216
198,TAAAAATGG,-0.245
199,GGCCGCCGG,-0.244
200,GCGGCCCTC,-0.074
201,GGGGGGTGG,-0.167
202,ACTTGTAAA,0.036
203,CTTTGAGAA,0.108
204,CTGGCGCGG,-0.22
205,CGGCCCTGA,-0.168
206,CCCCCCCCC,-0.032
207,ACCAGCATG,-0.002
208,CATCATGGC,0.053
209,CGCCGGGGC,-0.152
210,TTCAAGATG,0.012
211,TGGGTGAAC,0.034
212,TGGGGCCCC,-0.274
213,CCCTGGCTC,-0.108
214,GCCTGGGGG,-0.239
215,GAGCTAAGC,0.014
216,ATTTTTTCT,0.089
217,TGAGGAAGG,-0.264
218,CCGGCCCGG,-0.423
219,CGCCGCCAC,-0.048
220,GGCCGGCAG,-0.133
221,CCCCCTCCC,0.077
222,TCTGTTGTT,0.127
223,GAAACGTAG,0.06
224,CCCTGGGTG,-0.205
225,TCAGTGATG,0.018
226,TGCCCCCCC,-0.024
227,CGGGGGCCC,-0.331
228,CAACCAAAA,0.213
229,CCAGGATGG,-0.347
230,CAGCGCGGC,-0.215
231,TTTTAAGTA,0.227
232,CGTGGGGGG,-0.147
233,GGCGGCCCG,-0.288
234,CCTGTAAAC,0.138
235,TCTCTTCCC,0.153
236,CCTCCCCCG,-0.17
237,CGTGGATTA,-0.185
238,GCGGTAACG,-0.065
239,AAAACATTC,0.068
240,CAGGTAAGT,0.115
241,AGCCCCTGG,-0.095
242,GGCGGGCCG,-0.282
243,TCCTAAGCC,0.122
244,GCAGCCTGG,-0.159
245,TTCTAAGTT,0.067
246,CCATGATGC,-0.12
247,CTGTGAGCT,0.034
248,CGACCCCAG,-0.049
249,CGTGTAAGC,-0.055
250,GTGGGCCCC,-0.095
251,TCTTTTCAA,0.193
252,GTTTAATAA,0.108
253,GCCCCCCGC,-0.113
254,GGCTCTAAG,0.022
255,GTATGATGG,-0.258
